Rk,Player,Pos,Age,Tm,G,MP,PER,TS%,3PAr,FTr,ORB%,DRB%,TRB%,AST%,STL%,BLK%,TOV%,USG%,,OWS,DWS,WS,WS/48,,OBPM,DBPM,BPM,VORP,Player-additional
1,Nikola Jokić,C,28,DEN,79,2737,31.0,.650,.164,.310,9.3,29.6,19.8,42.0,2.0,2.1,12.9,29.3,,12.0,5.1,17.0,.299,,9.0,4.2,13.2,10.6,jokicni01
2,Giannis Antetokounmpo,PF,29,MIL,73,2567,29.9,.649,.091,.571,8.6,27.0,17.9,32.7,1.6,2.6,12.7,33.0,,9.5,3.7,13.2,.246,,6.7,2.4,9.0,7.2,antetgi01
3,Shai Gilgeous-Alexander,PG,25,OKC,75,2553,29.3,.636,.181,.436,3.0,14.7,9.1,29.8,2.8,2.4,8.4,32.8,,10.5,4.2,14.6,.275,,6.7,2.3,9.0,7.1,gilgesh01
4,Luka Dončić,PG,24,DAL,70,2624,28.1,.617,.450,.368,2.5,24.4,13.5,44.3,1.8,1.3,12.8,36.0,,8.5,3.5,12.0,.220,,8.3,1.7,9.9,8.0,doncilu01
5,Anthony Davis,C,30,LAL,76,2700,25.8,.621,.083,.402,10.4,28.3,19.8,15.5,1.6,5.7,9.5,26.7,,7.2,4.7,11.8,.210,,3.5,1.7,5.1,4.9,davisan02
6,LeBron James,PF,39,LAL,71,2504,23.7,.630,.286,.318,2.8,19.3,11.5,37.5,1.7,1.3,14.5,29.2,,5.7,2.8,8.5,.164,,5.5,0.9,6.5,5.4,jamesle01
7,Jalen Brunson,PG,27,NYK,77,2726,23.4,.592,.319,.302,1.8,9.7,5.7,33.5,1.3,0.4,9.1,32.5,,8.8,2.4,11.2,.198,,6.3,-0.4,5.8,5.4,brunsja01
8,Tyrese Haliburton,PG,23,IND,69,2224,23.3,.605,.510,.217,1.8,12.0,6.9,44.9,1.8,1.7,12.2,24.6,,7.6,1.5,9.0,.195,,7.3,-0.4,6.9,5.0,halibty01
9,Kawhi Leonard,SF,32,LAC,68,2330,23.2,.626,.289,.246,4.2,15.6,10.1,16.9,2.4,2.3,8.5,26.5,,6.0,2.9,8.9,.184,,4.8,0.6,5.5,4.4,leonaka01
10,Kristaps Porziņģis,C,28,BOS,57,1690,23.2,.647,.390,.402,6.5,19.1,13.1,10.0,1.2,5.8,9.1,25.1,,4.9,3.0,7.9,.226,,3.5,1.6,5.1,3.0,porzikr01
11,Domantas Sabonis,C,27,SAC,82,2928,23.2,.637,.081,.389,11.0,32.3,21.4,33.9,1.2,1.5,17.9,22.2,,8.6,4.0,12.6,.206,,4.0,2.4,6.5,6.2,sabondo01
12,Victor Wembanyama,C,20,SAS,71,2106,23.1,.565,.332,.309,8.2,30.7,19.4,21.5,2.0,10.0,16.2,32.2,,-0.7,4.4,3.7,.085,,1.9,3.3,5.2,3.8,wembavi01
13,Zion Williamson,PF,23,NOP,70,2207,22.8,.610,.016,.452,6.2,14.2,10.2,26.5,1.7,2.1,12.8,29.7,,4.7,2.8,7.5,.164,,3.3,0.6,3.8,3.3,willizi01
14,Jayson Tatum,PF,25,BOS,74,2645,22.3,.604,.427,.349,2.9,20.9,12.3,21.0,1.4,1.4,10.3,30.2,,6.4,4.1,10.4,.189,,4.5,0.6,5.1,4.7,tatumja01
15,Donovan Mitchell,SG,27,CLE,55,1942,22.1,.595,.454,.292,2.7,13.4,8.1,28.3,2.6,1.4,11.1,31.4,,3.6,2.9,6.4,.159,,4.6,1.2,5.8,3.9,mitchdo01
16,Jimmy Butler,PF,34,MIA,60,2042,22.0,.626,.183,.579,5.8,11.9,8.8,23.1,1.9,0.8,9.3,24.0,,6.4,2.7,9.1,.214,,3.9,0.7,4.6,3.4,butleji01
17,Alperen Sengun,C,21,HOU,63,2046,22.0,.585,.113,.358,9.5,21.5,15.4,25.2,1.8,2.1,12.5,27.0,,3.8,3.1,6.9,.163,,3.1,1.7,4.9,3.5,sengual01
18,Devin Booker,PG,27,PHO,68,2447,21.9,.611,.320,.350,2.7,11.1,7.1,31.2,1.2,1.0,10.6,29.8,,7.2,2.0,9.2,.181,,4.0,-1.0,3.0,3.1,bookede01
19,Kyrie Irving,SG,31,DAL,58,2030,21.9,.608,.372,.186,2.4,13.2,7.8,23.8,1.7,1.2,8.0,28.1,,4.9,2.0,6.9,.163,,4.8,0.1,4.9,3.6,irvinky01
20,Jarrett Allen,C,25,CLE,77,2442,21.8,.664,.007,.383,11.3,25.8,18.7,13.2,1.1,3.0,11.2,19.4,,6.8,3.9,10.7,.210,,2.1,0.9,3.0,3.1,allenja01
21,Daniel Gafford,C-PF,25,TOT,74,1815,21.7,.731,.000,.365,11.4,22.1,16.7,9.1,1.7,7.1,11.7,14.7,,5.2,2.5,7.8,.205,,0.7,1.9,2.6,2.1,gaffoda01
22,Lauri Markkanen,PF,26,UTA,55,1820,21.5,.631,.493,.311,7.4,19.6,13.6,9.5,1.3,1.3,7.1,25.0,,5.2,0.9,6.2,.163,,5.1,-1.5,3.6,2.6,markkla01
23,Kevin Durant,PF,35,PHO,75,2791,21.2,.626,.283,.295,1.7,17.5,10.0,22.2,1.2,2.9,13.1,29.0,,5.1,3.2,8.3,.142,,4.0,0.1,4.0,4.3,duranke01
24,Clint Capela,C,29,ATL,73,1883,20.7,.590,.002,.333,18.7,26.5,22.4,6.9,1.1,5.1,9.5,17.3,,4.4,1.9,6.3,.161,,1.0,-1.0,0.1,1.0,capelca01
25,Jamal Murray,PG,26,DEN,59,1861,20.7,.586,.346,.187,2.6,11.6,7.2,31.2,1.5,1.8,10.5,27.9,,3.8,2.1,5.9,.153,,4.5,-0.4,4.1,2.9,murraja01
26,Stephen Curry,PG,35,GSW,74,2421,20.6,.616,.606,.224,1.7,12.9,7.4,24.7,1.1,1.0,11.7,31.3,,5.2,2.0,7.2,.142,,6.3,-1.1,5.2,4.4,curryst01
27,Chet Holmgren,C,21,OKC,82,2413,20.4,.632,.366,.289,6.2,23.1,15.0,11.6,1.1,7.3,10.9,21.6,,4.6,4.4,8.9,.178,,1.8,1.5,3.4,3.3,holmgch01
28,Trae Young,PG,25,ATL,54,1942,20.3,.585,.465,.404,1.2,7.3,4.2,45.1,1.8,0.5,16.5,30.5,,4.0,0.6,4.6,.114,,4.9,-2.3,2.6,2.2,youngtr01
29,De'Aaron Fox,PG,26,SAC,74,2659,20.1,.567,.374,.273,2.8,11.8,7.2,25.2,2.7,1.1,10.1,31.0,,3.3,3.2,6.5,.117,,2.6,0.1,2.7,3.2,foxde01
30,Evan Mobley,PF,22,CLE,50,1532,20.1,.626,.107,.310,8.2,25.9,17.2,15.9,1.5,4.2,12.5,20.6,,2.8,2.7,5.5,.174,,0.9,2.0,2.9,1.9,mobleev01
31,Collin Sexton,SG,25,UTA,78,2075,19.9,.607,.313,.356,3.8,7.1,5.4,29.5,1.4,0.8,12.1,27.5,,5.2,0.3,5.5,.127,,3.8,-1.9,1.9,2.0,sextoco01
32,Bam Adebayo,C,26,MIA,71,2416,19.8,.576,.041,.381,7.4,27.3,17.3,18.9,1.7,2.7,12.0,24.9,,2.9,4.3,7.2,.144,,0.8,1.7,2.4,2.7,adebaba01
33,Tyrese Maxey,PG,23,PHI,70,2626,19.8,.573,.401,.266,1.5,9.5,5.4,26.7,1.3,1.1,6.8,28.0,,5.9,2.1,8.1,.147,,4.1,-1.0,3.1,3.4,maxeyty01
34,Jonas Valančiūnas,C,31,NOP,82,1925,19.8,.619,.167,.285,10.9,30.6,20.9,13.3,0.8,3.5,12.1,20.8,,3.9,3.1,7.1,.177,,0.7,0.5,1.2,1.6,valanjo01
35,DeMar DeRozan,SF,34,CHI,79,2989,19.7,.584,.166,.452,1.6,11.3,6.4,21.8,1.5,1.5,7.7,25.8,,7.0,2.2,9.2,.147,,2.1,-0.3,1.8,2.8,derozde01
36,Anthony Edwards,SG,22,MIN,79,2770,19.7,.575,.341,.325,2.2,14.8,8.8,24.6,1.8,1.3,11.9,32.3,,2.9,4.7,7.5,.130,,2.7,0.5,3.3,3.7,edwaran01
37,Pascal Siakam,PF,29,TOT,80,2657,19.7,.601,.194,.312,5.8,18.1,11.9,19.4,1.1,0.8,8.9,25.3,,5.4,1.5,6.9,.124,,2.6,-0.7,1.9,2.7,siakapa01
38,Damian Lillard,PG,33,MIL,73,2579,19.6,.590,.487,.403,1.6,11.8,6.8,28.8,1.3,0.6,11.4,28.4,,5.8,1.9,7.7,.143,,3.4,-1.3,2.1,2.7,lillada01
39,Scottie Barnes,SG,22,TOR,60,2094,19.5,.566,.314,.266,7.3,18.9,13.0,26.2,1.7,3.7,13.6,24.8,,2.3,2.0,4.3,.098,,2.9,0.8,3.7,3.0,barnesc01
40,Paul George,PF,33,LAC,74,2502,19.3,.613,.476,.235,1.7,15.3,8.8,16.1,2.2,1.3,10.1,26.6,,4.4,2.8,7.3,.140,,2.9,0.2,3.2,3.3,georgpa01
41,Rudy Gobert,C,31,MIN,76,2593,19.3,.675,.005,.635,13.1,29.2,21.5,5.6,1.0,5.5,13.1,15.4,,5.8,5.8,11.6,.216,,0.1,1.7,1.8,2.5,goberru01
42,Myles Turner,C,27,IND,77,2076,19.3,.626,.356,.349,6.2,22.9,14.5,6.4,0.9,5.5,9.4,23.4,,3.6,2.2,5.8,.134,,1.0,-0.1,0.9,1.5,turnemy01
43,Ivica Zubac,C,26,LAC,68,1794,19.3,.671,.000,.320,12.8,26.2,19.7,7.5,0.6,4.2,11.8,16.4,,4.5,2.3,6.8,.182,,0.8,0.0,0.8,1.3,zubaciv01
44,Jalen Williams,PF,22,OKC,71,2223,19.1,.621,.243,.223,1.9,11.8,7.1,21.3,1.7,1.9,10.1,23.7,,4.5,2.7,7.3,.157,,2.0,0.3,2.3,2.4,willija06
45,Deandre Ayton,C,25,POR,55,1784,18.9,.587,.013,.105,10.4,28.9,19.1,8.8,1.5,2.1,11.2,21.1,,1.8,2.1,3.9,.106,,0.5,-0.2,0.3,1.0,aytonde01
46,Isaiah Hartenstein,C,25,NYK,75,1896,18.9,.670,.008,.430,14.4,22.7,18.5,13.5,2.3,4.2,17.6,12.0,,4.6,3.5,8.1,.204,,0.7,2.8,3.5,2.6,harteis01
47,Julius Randle,PF,29,NYK,46,1630,18.9,.569,.292,.361,6.8,22.4,14.6,22.8,0.8,0.7,14.1,29.9,,1.9,1.9,3.8,.113,,2.2,-0.3,1.9,1.6,randlju01
48,Karl-Anthony Towns,PF,28,MIN,62,2026,18.8,.625,.344,.307,5.5,22.6,14.4,15.1,1.0,1.8,14.1,27.4,,2.6,3.6,6.3,.148,,1.6,0.9,2.5,2.3,townska01
49,Nic Claxton,C,24,BRK,71,2116,18.7,.629,.009,.337,9.7,27.3,18.2,10.4,1.1,6.2,12.2,15.6,,3.5,3.2,6.7,.152,,-0.3,1.5,1.2,1.7,claxtni01
50,Jalen Duren,C,20,DET,61,1777,18.7,.653,.007,.321,11.8,33.0,22.2,12.7,0.9,2.3,16.7,18.5,,3.0,1.8,4.8,.130,,-0.2,0.1,-0.1,0.9,durenja01
51,Jaylen Brown,SF,27,BOS,70,2343,18.6,.580,.326,.239,4.0,13.4,8.9,16.6,1.8,1.4,10.7,28.9,,2.7,3.2,5.9,.121,,0.9,-0.1,0.7,1.6,brownja02
52,James Harden,PG,34,LAC,72,2470,18.6,.612,.594,.418,1.6,14.8,8.4,33.6,1.5,2.1,16.0,20.6,,5.9,2.5,8.4,.163,,3.8,0.3,4.1,3.8,hardeja01
53,Brandon Ingram,SF,26,NOP,64,2103,18.2,.578,.238,.302,2.3,14.7,8.6,26.7,1.2,1.9,12.4,27.2,,2.7,2.4,5.1,.117,,1.4,-0.3,1.2,1.7,ingrabr01
54,CJ McCollum,PG,32,NOP,66,2159,17.9,.592,.528,.132,2.0,12.6,7.4,21.4,1.4,1.9,9.0,24.7,,3.5,2.4,5.9,.132,,3.3,-0.3,3.1,2.8,mccolcj01
55,Dejounte Murray,SG,27,ATL,78,2783,17.7,.555,.379,.179,2.3,14.4,8.1,27.9,1.9,0.8,11.3,26.6,,3.3,1.6,4.9,.084,,2.3,-0.6,1.7,2.6,murrade01
56,Nikola Vučević,C,33,CHI,76,2610,17.7,.540,.258,.107,8.8,25.8,17.1,15.2,1.0,2.4,8.6,23.3,,2.7,2.8,5.4,.100,,0.8,-0.7,0.1,1.4,vucevni01
57,Franz Wagner,SF,22,ORL,72,2337,17.6,.575,.305,.291,3.6,15.7,9.6,18.8,1.6,1.1,10.0,25.7,,3.1,3.2,6.4,.131,,0.9,0.3,1.2,1.9,wagnefr01
58,John Collins,PF,26,UTA,68,1901,17.5,.621,.311,.248,9.2,24.0,16.7,6.1,1.0,2.9,10.6,20.4,,3.1,1.3,4.4,.110,,0.5,-1.4,-0.9,0.5,collijo01
59,Bobby Portis,PF,28,MIL,82,2008,17.5,.581,.268,.135,7.9,24.8,16.6,7.8,1.6,1.4,8.6,22.9,,2.1,2.6,4.7,.112,,0.0,-0.8,-0.8,0.6,portibo01
60,Jaren Jackson Jr.,C,24,MEM,66,2124,17.4,.552,.315,.359,4.2,15.0,9.4,13.1,1.8,4.7,10.6,30.4,,0.2,2.8,3.0,.067,,0.0,0.4,0.4,1.3,jacksja02
61,Jusuf Nurkić,C,29,PHO,76,2078,17.4,.559,.144,.416,12.8,31.7,22.8,19.9,1.9,3.4,19.1,19.1,,2.0,3.8,5.8,.133,,-1.0,2.1,1.1,1.6,nurkiju01
62,Kelly Olynyk,C,32,TOT,78,1759,17.4,.661,.312,.362,6.7,19.0,12.9,27.6,2.0,1.5,20.9,17.5,,3.5,1.4,4.9,.133,,0.7,1.1,1.8,1.7,olynyke01
63,Paul Reed,C,24,PHI,82,1590,17.4,.580,.119,.177,13.2,20.9,16.9,9.8,2.1,4.8,11.5,15.9,,2.5,2.6,5.1,.154,,-0.6,1.0,0.4,0.9,reedpa01
64,Paolo Banchero,PF,21,ORL,80,2799,17.3,.546,.249,.397,3.4,20.0,11.6,25.2,1.3,1.6,13.0,29.7,,1.3,4.0,5.3,.090,,1.3,0.0,1.3,2.3,banchpa01
65,Terry Rozier,PG-SG,29,TOT,61,2040,17.3,.555,.411,.198,1.9,12.0,6.8,27.5,1.5,1.0,8.9,25.9,,2.3,1.6,3.9,.091,,2.2,-0.7,1.5,1.8,roziete01
66,Cade Cunningham,PG,22,DET,62,2074,17.1,.546,.287,.235,1.7,12.9,7.2,37.5,1.3,0.9,14.1,30.8,,0.7,1.0,1.8,.041,,2.0,-1.6,0.3,1.2,cunnica01
67,Jonathan Kuminga,PF,21,GSW,74,1949,17.0,.598,.191,.347,5.2,14.4,9.8,12.5,1.4,1.7,10.9,24.1,,2.7,1.9,4.6,.113,,0.0,-0.4,-0.4,0.8,kuminjo01
68,Derrick White,SG,29,BOS,73,2381,16.9,.611,.590,.181,2.4,11.3,7.0,21.2,1.5,3.2,11.0,18.6,,5.2,3.3,8.5,.171,,2.4,1.4,3.8,3.5,whitede01
69,Aaron Gordon,PF,28,DEN,73,2297,16.8,.607,.193,.376,8.6,13.9,11.4,15.2,1.2,1.7,11.2,17.8,,4.5,2.6,7.1,.148,,1.2,0.1,1.3,1.9,gordoaa01
70,Immanuel Quickley,PG-SG,24,TOT,68,1985,16.7,.577,.484,.274,0.9,13.7,7.2,24.6,1.2,0.5,9.2,23.8,,3.5,1.2,4.7,.115,,2.2,-0.9,1.3,1.7,quickim01
71,Nick Richards,C,26,CHO,67,1759,16.7,.717,.003,.476,10.7,24.2,17.2,4.5,0.7,3.9,13.8,13.3,,3.8,1.3,5.1,.140,,-1.6,-0.7,-2.3,-0.1,richani01
72,Fred VanVleet,PG,29,HOU,73,2684,16.7,.568,.576,.225,1.3,9.9,5.6,31.1,1.8,2.0,10.1,19.7,,5.3,3.1,8.4,.150,,2.6,0.8,3.4,3.6,vanvlfr01
73,Josh Giddey,SG,21,OKC,80,2011,16.6,.547,.287,.146,6.4,21.5,14.2,26.6,1.2,2.0,15.7,23.1,,1.4,2.9,4.3,.102,,1.0,0.4,1.5,1.8,giddejo01
74,Tobias Harris,PF,31,PHI,70,2368,16.5,.576,.271,.224,3.7,17.7,10.6,13.8,1.5,1.8,8.2,20.7,,3.2,2.7,5.9,.121,,1.0,-0.1,0.9,1.7,harrito02
75,Tyus Jones,PG,27,WAS,66,1933,16.5,.578,.384,.060,1.1,9.0,5.0,34.6,1.7,0.8,8.8,16.3,,3.9,0.7,4.5,.113,,1.5,-0.9,0.7,1.3,jonesty01
76,Obi Toppin,PF,25,IND,82,1730,16.5,.677,.437,.173,5.6,15.4,10.5,9.4,1.3,2.0,10.0,16.8,,3.6,1.1,4.8,.132,,1.8,-0.3,1.5,1.5,toppiob01
77,RJ Barrett,SG,23,TOT,58,1838,16.4,.580,.284,.331,3.1,16.0,9.5,16.7,0.8,1.1,11.1,26.5,,1.6,1.2,2.9,.075,,0.7,-1.5,-0.8,0.6,barrerj01
78,Bradley Beal,SG,30,PHO,53,1767,16.3,.607,.320,.182,3.6,10.8,7.4,22.5,1.4,1.3,14.2,22.7,,2.4,1.5,3.9,.107,,0.9,-0.6,0.4,1.1,bealbr01
79,Jalen Johnson,SF,22,ATL,56,1889,16.3,.584,.285,.209,4.1,24.8,14.1,15.4,1.7,2.2,11.6,19.1,,2.1,1.7,3.8,.098,,0.4,0.8,1.2,1.5,johnsja05
80,Trey Murphy III,SF,23,NOP,57,1690,16.3,.612,.717,.243,2.8,15.5,9.2,10.2,1.5,1.6,4.7,18.6,,3.4,2.0,5.4,.154,,2.5,0.0,2.5,1.9,murphtr02
81,Russell Westbrook,PG,35,LAC,68,1529,16.2,.514,.232,.241,7.1,17.8,12.7,29.2,2.4,1.4,16.4,25.2,,0.2,1.9,2.1,.066,,-0.2,0.7,0.5,1.0,westbru01
82,Cam Thomas,SG,22,BRK,66,2075,16.1,.554,.333,.281,1.4,10.1,5.6,15.7,1.1,0.7,8.5,30.5,,1.3,1.2,2.5,.058,,0.7,-1.9,-1.2,0.4,thomaca02
83,Donte DiVincenzo,SG,27,NYK,81,2360,16.0,.597,.702,.114,3.0,11.2,7.1,13.7,2.3,1.4,9.7,21.3,,3.6,3.0,6.6,.135,,2.5,0.9,3.4,3.2,divindo01
84,Malik Monk,SG,25,SAC,72,1872,16.0,.564,.474,.230,1.6,11.3,6.3,28.9,1.2,1.9,13.2,25.9,,1.9,1.6,3.5,.090,,1.5,-1.0,0.6,1.2,monkma01
85,Naz Reid,C,24,MIN,81,1964,16.0,.595,.479,.174,4.4,19.3,12.2,8.3,1.6,3.3,10.8,23.1,,1.1,3.8,4.9,.120,,0.4,1.1,1.5,1.7,reidna01
86,D'Angelo Russell,PG,27,LAL,76,2484,16.0,.588,.505,.178,1.3,8.9,5.3,27.6,1.3,1.3,11.8,23.0,,3.3,1.8,5.1,.099,,1.7,-0.8,0.9,1.8,russeda01
87,Anfernee Simons,SG,24,POR,46,1582,15.9,.568,.484,.213,1.5,10.9,5.9,27.6,0.7,0.3,12.1,28.0,,1.7,0.5,2.2,.068,,2.7,-2.5,0.2,0.8,simonan01
88,Mike Conley,PG,36,MIN,76,2193,15.8,.627,.629,.174,2.0,9.0,5.6,28.4,2.0,0.7,12.8,16.0,,5.0,3.3,8.2,.180,,2.0,1.4,3.4,3.0,conlemi01
89,Kyle Kuzma,PF,28,WAS,70,2281,15.7,.547,.343,.183,2.8,19.3,10.9,20.7,0.8,1.8,11.9,29.7,,-1.0,1.1,0.2,.004,,0.5,-1.6,-1.1,0.5,kuzmaky01
90,Devin Vassell,SG,23,SAS,68,2248,15.7,.578,.422,.190,1.3,11.3,6.3,19.1,1.5,0.8,8.6,23.5,,2.0,1.6,3.6,.077,,0.9,-0.9,0.0,1.1,vassede01
91,Michael Porter Jr.,SF,25,DEN,81,2565,15.5,.601,.513,.102,4.7,19.3,12.2,6.7,0.8,1.8,7.5,20.7,,3.1,3.1,6.2,.115,,1.2,-1.2,0.1,1.3,portemi01
92,Austin Reaves,SG,25,LAL,82,2629,15.5,.613,.447,.289,2.5,11.9,7.4,23.5,1.2,0.8,14.1,20.3,,3.9,2.0,5.9,.108,,0.9,-0.4,0.4,1.6,reaveau01
93,Miles Bridges,SF,25,CHO,69,2581,15.4,.556,.372,.174,3.0,19.5,11.0,14.6,1.2,1.2,9.6,24.7,,0.7,1.4,2.2,.040,,0.2,-1.3,-1.1,0.6,bridgmi02
94,Jerami Grant,PF,29,POR,54,1830,15.4,.573,.325,.367,2.1,10.0,5.8,13.8,1.2,1.7,10.5,25.7,,1.7,1.0,2.7,.071,,1.0,-1.1,-0.1,0.9,grantje01
95,Payton Pritchard,PG,26,BOS,82,1825,15.3,.597,.602,.088,4.3,11.1,7.8,20.7,1.1,0.3,8.5,17.2,,4.2,1.9,6.1,.160,,1.3,-0.2,1.0,1.4,pritcpa01
96,Rui Hachimura,PF,25,LAL,68,1826,15.0,.628,.343,.198,3.7,13.7,8.9,6.3,1.1,1.2,5.9,18.5,,2.7,1.5,4.1,.108,,0.0,-0.9,-0.9,0.5,hachiru01
97,Al Horford,C,37,BOS,65,1740,15.0,.650,.616,.072,5.3,19.7,12.8,12.3,1.1,3.1,10.0,12.0,,3.5,2.7,6.2,.172,,1.7,2.0,3.6,2.5,horfoal01
98,Deni Avdija,SF,23,WAS,75,2257,14.9,.597,.293,.340,3.9,22.1,12.8,17.8,1.2,1.3,14.8,20.2,,1.7,1.5,3.2,.068,,-0.7,-0.2,-0.9,0.6,avdijde01
99,Mikal Bridges,SF,27,BRK,82,2854,14.9,.560,.457,.245,2.5,12.0,7.1,16.3,1.4,0.9,10.3,24.3,,2.1,2.1,4.2,.070,,0.7,-1.0,-0.4,1.2,bridgmi01
100,Brook Lopez,C,35,MIL,79,2411,14.8,.608,.535,.177,5.4,13.0,9.3,7.1,0.9,6.7,8.8,16.0,,3.1,2.8,5.9,.117,,0.2,0.8,1.0,1.8,lopezbr01
101,Bogdan Bogdanović,SG,31,ATL,79,2401,14.7,.569,.583,.149,2.3,10.3,6.2,14.9,1.9,1.0,8.7,22.3,,2.8,1.2,3.9,.079,,0.9,-0.7,0.2,1.4,bogdabo01
102,Jalen Green,SG,21,HOU,82,2601,14.7,.541,.454,.264,1.7,15.9,8.7,17.3,1.2,1.0,11.4,27.4,,0.2,2.9,3.1,.056,,0.4,-0.9,-0.5,1.0,greenja05
103,Tre Jones,PG,24,SAS,77,2138,14.7,.591,.318,.197,2.9,11.8,7.3,30.8,1.7,0.3,15.1,15.2,,3.4,1.6,4.9,.111,,-0.4,0.1,-0.4,0.9,jonestr01
104,Chris Paul,PG,38,GSW,58,1531,14.7,.544,.450,.111,1.3,14.4,7.9,33.4,2.2,0.4,13.4,15.6,,2.6,1.7,4.3,.136,,-0.2,1.2,1.0,1.2,paulch01
105,Precious Achiuwa,PF-C,24,TOT,74,1624,14.6,.545,.207,.239,13.0,20.5,16.7,8.4,1.4,3.9,13.8,15.9,,1.2,2.2,3.4,.102,,-1.7,0.3,-1.4,0.2,achiupr01
106,Cole Anthony,PG,23,ORL,81,1817,14.6,.545,.360,.286,4.1,16.1,10.1,19.8,1.7,1.9,12.8,23.7,,0.9,2.7,3.6,.096,,-0.6,0.7,0.1,1.0,anthoco01
107,Caris LeVert,SG,29,CLE,68,1958,14.6,.524,.405,.245,2.3,13.7,8.0,25.7,1.9,1.6,11.4,23.1,,1.0,2.6,3.6,.088,,-0.6,0.8,0.2,1.1,leverca01
108,Alex Caruso,SG,29,CHI,71,2040,14.5,.613,.616,.177,3.3,11.8,7.5,16.4,2.9,3.5,14.9,14.7,,2.3,2.6,4.9,.115,,0.2,2.3,2.5,2.3,carusal01
109,Darius Garland,PG,24,CLE,57,1901,14.5,.560,.423,.208,1.8,7.1,4.5,29.4,1.9,0.3,16.1,25.3,,0.7,2.0,2.7,.067,,0.2,-1.2,-1.0,0.5,garlada01
110,Cameron Johnson,PF,27,BRK,58,1599,14.5,.582,.570,.176,3.7,13.8,8.6,12.9,1.5,0.8,7.9,19.6,,2.0,1.3,3.3,.100,,0.9,-0.5,0.4,1.0,johnsca02
111,Coby White,PG,23,CHI,79,2881,14.5,.570,.460,.215,1.7,12.4,6.9,20.8,0.9,0.6,11.1,22.7,,3.1,1.6,4.7,.078,,0.7,-1.3,-0.7,0.9,whiteco01
112,Jrue Holiday,PG,33,BOS,69,2263,14.4,.597,.467,.104,4.2,13.2,8.9,19.3,1.3,2.1,14.7,16.3,,3.3,3.0,6.3,.133,,1.0,1.1,2.1,2.4,holidjr01
113,Zach Collins,C,26,SAS,69,1526,14.3,.565,.294,.263,8.3,18.0,13.1,18.9,1.1,2.8,16.1,22.7,,0.4,1.5,1.8,.057,,-2.0,-0.1,-2.0,0.0,colliza01
114,Keldon Johnson,SF,24,SAS,69,2038,14.2,.565,.426,.256,5.0,15.1,10.0,14.2,1.2,0.8,9.4,21.9,,1.5,1.5,3.0,.071,,-0.3,-1.4,-1.7,0.2,johnske04
115,Jalen Suggs,SG,22,ORL,75,2025,14.1,.602,.539,.218,2.8,10.6,6.6,15.0,2.6,2.2,14.4,19.7,,1.5,3.2,4.7,.112,,-0.6,1.6,1.0,1.5,suggsja01
116,Norman Powell,SG,30,LAC,76,1990,13.9,.626,.500,.224,0.9,9.8,5.5,5.9,1.1,1.0,7.3,20.0,,2.8,1.3,4.1,.099,,0.4,-1.2,-0.8,0.6,powelno01
117,Klay Thompson,SF,33,GSW,77,2284,13.9,.576,.611,.121,1.7,10.2,6.0,11.2,1.1,1.4,8.9,24.2,,1.8,1.7,3.6,.075,,1.1,-1.5,-0.4,0.9,thompkl01
118,Grayson Allen,SG,28,PHO,75,2513,13.8,.679,.652,.216,2.3,10.6,6.6,12.1,1.3,1.6,11.3,14.5,,4.7,2.2,6.9,.132,,1.1,0.1,1.3,2.0,allengr01
119,Jabari Smith Jr.,PF,20,HOU,76,2424,13.8,.571,.456,.222,6.1,21.3,13.6,7.1,1.0,2.3,8.9,17.6,,2.4,3.2,5.6,.111,,-0.5,0.1,-0.4,1.0,smithja05
120,Kelly Oubre Jr.,SF,28,PHI,68,2055,13.5,.535,.370,.264,5.0,13.5,9.2,7.3,1.8,2.1,8.2,22.4,,0.6,2.4,3.0,.070,,-1.5,-0.7,-2.3,-0.1,oubreke01
121,Ayo Dosunmu,SG,24,CHI,76,2212,13.4,.604,.410,.146,2.7,8.3,5.5,15.6,1.5,1.7,11.9,17.2,,2.6,1.5,4.1,.089,,-0.6,-0.2,-0.8,0.7,dosunay01
122,Buddy Hield,SF-SG,31,TOT,84,2160,13.3,.578,.668,.069,3.1,10.9,7.0,14.5,1.6,1.6,10.5,19.2,,1.9,1.6,3.5,.077,,1.0,-0.6,0.4,1.3,hieldbu01
123,Keegan Murray,SF,23,SAC,77,2588,13.3,.569,.524,.127,4.5,13.9,9.1,6.9,1.5,2.1,5.9,18.1,,2.6,2.6,5.2,.096,,-0.4,-0.5,-0.9,0.8,murrake02
124,Dennis Schröder,PG,30,TOT,80,2486,13.3,.550,.397,.230,1.7,9.2,5.3,28.0,1.2,0.6,13.0,20.3,,2.3,1.0,3.3,.063,,-0.5,-1.3,-1.8,0.1,schrode01
125,Herbert Jones,SF,25,NOP,76,2321,13.2,.636,.464,.269,3.6,9.4,6.5,11.3,2.2,2.6,12.4,14.1,,3.3,3.0,6.3,.131,,-0.9,1.5,0.6,1.6,joneshe01
126,Santi Aldama,PF,23,MEM,61,1618,13.1,.539,.535,.153,4.7,19.7,11.9,13.3,1.3,3.1,10.2,17.9,,0.4,2.0,2.4,.070,,-0.7,0.4,-0.2,0.7,aldamsa01
127,Saddiq Bey,SF,24,ATL,63,2062,13.1,.549,.514,.291,8.5,13.4,10.9,6.0,1.2,0.5,6.4,17.0,,2.8,0.7,3.5,.081,,0.1,-2.0,-1.8,0.1,beysa01
128,Sam Hauser,SF,26,BOS,79,1741,13.0,.629,.833,.034,2.9,13.7,8.6,6.2,1.1,1.3,5.3,15.0,,2.7,2.1,4.9,.134,,1.2,0.0,1.2,1.4,hausesa01
129,Bennedict Mathurin,SF,21,IND,59,1538,13.0,.562,.323,.338,4.4,12.8,8.6,9.8,1.1,0.7,11.3,23.4,,0.8,0.7,1.4,.045,,-1.2,-2.3,-3.4,-0.6,mathube01
130,Brandon Miller,SF,21,CHO,74,2383,13.0,.552,.455,.160,2.7,12.4,7.4,11.6,1.4,1.6,10.2,23.9,,-0.3,1.0,0.8,.015,,-0.9,-1.6,-2.6,-0.3,millebr02
131,Brandin Podziemski,SG,20,GSW,74,1968,13.0,.540,.392,.132,6.6,16.7,11.7,18.1,1.5,0.6,12.2,15.4,,2.1,2.0,4.1,.100,,-0.5,0.4,-0.1,0.9,podzibr01
132,Jabari Walker,SF,21,POR,72,1700,13.0,.546,.273,.336,9.4,25.0,16.7,6.2,1.2,1.2,10.2,16.3,,1.4,1.6,2.9,.083,,-2.4,-0.9,-3.3,-0.6,walkeja01
133,Jaime Jaquez Jr.,SF,22,MIA,75,2113,12.9,.574,.290,.251,4.4,11.0,7.6,13.9,1.8,0.9,12.4,18.7,,1.4,2.7,4.0,.092,,-2.2,0.3,-1.9,0.1,jaqueja01
134,OG Anunoby,SF,26,TOT,50,1702,12.8,.595,.463,.154,3.0,10.6,6.8,9.0,2.0,1.9,11.6,17.6,,1.1,1.5,2.6,.073,,-1.0,0.5,-0.6,0.6,anunoog01
135,Corey Kispert,SF,24,WAS,80,2067,12.8,.620,.605,.198,1.5,10.3,5.8,10.7,0.9,0.6,10.2,19.6,,1.7,0.4,2.1,.048,,-0.2,-2.0,-2.1,-0.1,kispeco01
136,Aaron Nesmith,SF,24,IND,72,1995,12.8,.631,.526,.216,3.6,12.0,7.8,6.6,1.5,2.0,8.4,16.0,,2.8,1.3,4.1,.098,,-0.3,-0.2,-0.5,0.8,nesmiaa01
137,Ausar Thompson,SF,21,DET,63,1583,12.8,.522,.235,.248,8.9,19.6,14.2,10.8,2.1,3.2,13.6,16.6,,0.1,1.7,1.8,.053,,-2.8,0.6,-2.2,-0.1,thompau01
138,Kyle Anderson,PF,30,MIN,79,1782,12.7,.513,.111,.316,4.0,13.0,8.7,25.0,2.0,2.3,15.6,14.5,,1.4,3.1,4.5,.121,,-1.6,2.7,1.1,1.4,anderky01
139,Jordan Clarkson,SG,31,UTA,55,1682,12.7,.521,.379,.246,3.2,9.0,6.2,24.6,1.0,0.3,13.9,26.1,,0.1,0.1,0.2,.006,,-1.3,-3.2,-4.5,-1.1,clarkjo01
140,De'Andre Hunter,SF,26,ATL,57,1681,12.7,.595,.459,.296,1.9,12.9,7.2,7.3,1.1,0.9,10.0,20.6,,1.6,0.6,2.2,.062,,-0.9,-1.5,-2.4,-0.2,huntede01
141,Andrew Wiggins,SF,28,GSW,71,1920,12.7,.544,.326,.242,6.2,11.8,9.0,8.6,1.1,1.9,9.2,20.9,,1.2,1.6,2.8,.070,,-1.4,-1.2,-2.5,-0.3,wiggian01
142,Kevin Huerter,SG,25,SAC,64,1562,12.4,.564,.609,.084,2.7,13.6,8.0,14.4,1.4,1.3,8.4,17.3,,1.5,1.4,2.9,.089,,-0.5,-0.4,-0.8,0.5,huertke01
143,Jaden Ivey,SG,21,DET,77,2217,12.4,.536,.379,.311,4.3,9.1,6.6,20.2,1.2,1.6,14.7,24.9,,-0.5,1.0,0.5,.010,,-1.4,-1.7,-3.1,-0.6,iveyja01
144,Duncan Robinson,SF,29,MIA,68,1905,12.2,.612,.701,.133,0.9,9.5,5.1,15.1,1.2,0.8,11.7,19.0,,1.6,2.0,3.6,.091,,-0.5,-0.4,-0.9,0.6,robindu01
145,P.J. Washington,PF,25,TOT,73,2221,12.2,.537,.509,.179,4.2,16.5,10.3,9.3,1.6,2.4,9.9,19.1,,0.0,1.9,1.9,.040,,-1.7,-0.4,-2.1,-0.1,washipj01
146,Christian Braun,SG,22,DEN,82,1655,12.1,.554,.340,.277,5.4,14.8,10.2,10.2,1.3,1.8,9.2,15.7,,1.5,2.0,3.4,.100,,-1.7,-0.2,-1.9,0.0,braunch01
147,Simone Fontecchio,SF,28,TOT,66,1644,12.1,.600,.609,.120,4.3,12.2,8.3,8.7,1.3,1.2,10.5,16.5,,1.5,0.6,2.1,.061,,0.0,-1.0,-1.0,0.4,fontesi01
148,Tim Hardaway Jr.,SF,31,DAL,79,2120,12.1,.542,.612,.173,1.1,11.9,6.5,9.2,1.0,0.2,6.2,22.6,,0.8,1.4,2.2,.050,,-0.8,-2.1,-2.9,-0.5,hardati02
149,Jordan Poole,SG,24,WAS,78,2346,12.1,.529,.476,.185,1.4,8.4,4.8,21.4,1.7,0.9,12.8,26.4,,-1.5,0.8,-0.6,-0.013,,-2.0,-1.9,-3.9,-1.2,poolejo01
150,Terance Mann,SG,27,LAC,75,1873,12.0,.615,.414,.193,5.4,9.7,7.7,8.5,1.1,0.7,8.2,13.6,,3.0,1.2,4.2,.106,,-0.8,-0.7,-1.5,0.2,mannte01
151,Gary Trent Jr.,SG,25,TOR,71,1994,12.0,.548,.535,.113,1.4,9.2,5.2,8.6,1.9,0.4,5.0,20.0,,0.8,0.9,1.7,.040,,-1.2,-1.4,-2.6,-0.3,trentga02
152,Cason Wallace,SG,20,OKC,82,1692,12.0,.612,.529,.084,3.6,8.6,6.2,8.9,2.2,2.0,8.9,12.9,,1.9,2.1,4.0,.115,,-0.9,1.0,0.1,0.9,wallaca01
153,Harrison Barnes,PF,31,SAC,82,2381,11.9,.611,.526,.268,3.1,8.8,5.9,5.6,1.1,0.5,6.6,15.7,,3.1,1.5,4.7,.094,,-0.6,-1.2,-1.8,0.1,barneha02
154,Josh Hart,SF,28,NYK,81,2707,11.8,.522,.380,.169,5.3,22.8,14.0,16.3,1.4,0.8,13.9,13.5,,2.0,3.6,5.7,.100,,-1.3,1.4,0.0,1.4,hartjo01
155,Spencer Dinwiddie,PG,30,TOT,76,2152,11.7,.543,.575,.328,1.5,9.0,5.2,22.7,1.2,0.9,11.1,16.6,,2.3,1.3,3.6,.081,,-1.3,-0.6,-1.9,0.1,dinwisp01
156,Reggie Jackson,PG,33,DEN,82,1817,11.7,.521,.376,.130,2.1,7.2,4.7,23.0,1.2,0.6,11.7,21.7,,0.6,1.5,2.1,.056,,-1.8,-1.5,-3.2,-0.6,jacksre01
157,Derrick Jones Jr.,SF,26,DAL,76,1783,11.7,.592,.483,.275,5.0,10.3,7.7,5.5,1.4,2.5,10.5,14.9,,1.5,1.6,3.1,.083,,-1.3,-0.3,-1.5,0.2,jonesde02
158,Max Strus,SF,27,CLE,70,2239,11.7,.553,.658,.133,3.4,13.5,8.5,17.3,1.4,1.2,12.7,17.4,,1.2,2.6,3.9,.083,,-1.1,0.5,-0.6,0.8,strusma01
159,Bruce Brown,PG-SG,27,TOT,67,1866,11.6,.563,.282,.244,3.1,14.0,8.5,13.2,1.5,0.8,11.8,16.5,,1.2,1.0,2.2,.058,,-2.4,-1.0,-3.3,-0.6,brownbr01
160,Isaac Okoro,SF,23,CLE,69,1887,11.4,.599,.448,.285,4.0,8.2,6.1,9.5,1.5,1.6,9.1,13.9,,2.1,2.0,4.2,.106,,-1.8,0.7,-1.1,0.4,okorois01
161,Jeremy Sochan,PF,20,SAS,74,2193,11.4,.513,.293,.186,6.7,16.9,11.7,16.0,1.3,1.5,14.3,18.8,,-0.5,1.9,1.4,.030,,-2.8,-0.6,-3.4,-0.8,sochaje01
162,Andrew Nembhard,PG,24,IND,68,1697,11.3,.573,.328,.107,2.4,7.0,4.7,20.0,1.8,0.3,15.6,16.0,,1.3,0.7,2.0,.057,,-1.6,-0.5,-2.2,-0.1,nembhan01
163,Luguentz Dort,SF,24,OKC,79,2246,11.1,.593,.603,.236,3.8,10.0,7.0,6.3,1.5,1.9,9.3,15.4,,2.0,2.5,4.6,.097,,-1.4,-0.2,-1.6,0.2,dortlu01
164,Royce O'Neale,SF,30,TOT,79,1954,11.1,.548,.783,.065,3.4,17.9,10.7,15.0,1.5,2.0,11.6,13.9,,1.3,2.1,3.4,.085,,-1.0,1.0,0.0,1.0,onealro01
165,Nickeil Alexander-Walker,SG,25,MIN,82,1921,10.9,.578,.623,.121,2.2,7.5,4.9,14.5,1.6,1.9,11.8,14.8,,1.5,2.8,4.3,.107,,-1.1,1.3,0.2,1.1,alexani01
166,Kyle Lowry,PG,37,TOT,60,1690,10.9,.594,.663,.199,2.2,10.8,6.4,20.1,1.7,1.2,17.2,12.9,,1.6,1.9,3.5,.100,,-1.9,0.9,-1.0,0.4,lowryky01
167,Eric Gordon,SG,35,PHO,68,1893,10.8,.580,.642,.104,1.0,6.0,3.6,10.0,1.7,1.4,10.2,16.5,,1.0,1.5,2.5,.063,,-1.3,-0.5,-1.7,0.1,gordoer01
168,Caleb Martin,SF,28,MIA,64,1756,10.8,.531,.415,.177,4.7,13.5,9.1,11.8,1.3,1.6,11.3,17.3,,0.2,2.2,2.4,.066,,-2.2,0.2,-2.0,0.0,martica02
169,Kentavious Caldwell-Pope,SG,30,DEN,76,2402,10.7,.602,.525,.193,1.5,6.8,4.2,9.5,2.0,1.5,10.5,12.9,,2.2,2.6,4.8,.096,,-2.1,0.7,-1.4,0.4,caldwke01
170,Toumani Camara,PF,23,POR,70,1739,10.6,.547,.393,.226,8.4,14.0,11.0,7.2,1.9,1.7,14.9,13.8,,0.6,1.4,2.0,.055,,-3.1,0.0,-3.1,-0.5,camarto01
171,Grant Williams,PF,25,TOT,76,2130,10.6,.588,.555,.231,4.4,12.2,8.3,11.3,1.0,1.6,14.1,15.9,,1.3,1.3,2.6,.059,,-1.9,-0.7,-2.6,-0.3,willigr01
172,Keyonte George,PG,20,UTA,75,2023,10.4,.533,.540,.274,0.8,10.6,5.7,23.1,0.9,0.3,17.1,22.8,,-0.4,0.1,-0.3,-0.008,,-1.5,-2.9,-4.4,-1.2,georgke01
173,Malik Beasley,SG,27,MIL,79,2337,10.3,.603,.751,.048,2.0,11.4,6.8,6.1,1.2,0.3,6.8,14.6,,1.9,1.6,3.5,.073,,-1.0,-0.8,-1.8,0.1,beaslma01
174,Nicolas Batum,PF,35,TOT,60,1529,10.2,.603,.723,.082,5.0,13.1,9.0,10.7,1.5,2.3,13.1,8.6,,1.7,1.6,3.3,.103,,-1.3,0.8,-0.4,0.6,batumni01
175,Dorian Finney-Smith,PF,30,BRK,68,1934,10.1,.546,.658,.090,6.0,12.1,9.0,7.6,1.4,1.8,10.0,13.2,,1.0,1.6,2.6,.065,,-2.0,-0.1,-2.0,0.0,finnedo01
176,Josh Green,SG,23,DAL,57,1505,9.9,.588,.500,.152,2.9,10.4,6.7,11.1,1.5,0.5,13.1,13.1,,1.0,1.2,2.2,.071,,-2.4,-0.3,-2.7,-0.3,greenjo02
177,Georges Niang,PF,30,CLE,82,1831,9.9,.583,.627,.095,1.4,15.5,8.5,7.5,0.8,0.9,9.9,17.6,,0.5,2.0,2.4,.064,,-2.5,-0.4,-2.9,-0.4,niangge01
178,Pat Connaughton,SF,31,MIL,76,1676,9.6,.574,.686,.167,3.4,12.0,7.8,12.0,1.1,1.0,11.6,10.9,,1.6,1.2,2.8,.080,,-1.6,0.0,-1.6,0.2,connapa01
179,Scoot Henderson,PG,19,POR,62,1765,9.5,.489,.336,.256,3.2,9.5,6.2,29.9,1.3,0.7,19.3,26.5,,-2.5,0.9,-1.7,-0.045,,-3.5,-2.3,-5.8,-1.7,hendesc01
180,Dillon Brooks,SF,28,HOU,72,2227,9.4,.549,.482,.191,2.5,9.4,5.9,7.5,1.4,0.4,9.6,17.6,,0.6,2.1,2.7,.058,,-3.3,-0.3,-3.6,-0.9,brookdi01
181,Jaden McDaniels,SF,23,MIN,72,2105,9.4,.571,.406,.126,3.2,8.7,6.0,6.8,1.5,1.8,11.6,15.7,,0.3,3.1,3.4,.077,,-3.3,0.7,-2.6,-0.3,mcdanja02
182,Bilal Coulibaly,SF,19,WAS,63,1715,8.9,.543,.428,.303,3.4,12.8,8.0,8.2,1.6,2.3,15.1,14.2,,-0.5,0.9,0.4,.013,,-3.6,-0.5,-4.2,-0.9,coulibi01
183,Taurean Prince,PF,29,LAL,78,2108,8.8,.579,.622,.119,1.2,10.5,6.1,7.2,1.3,1.4,10.8,13.8,,0.3,1.7,1.9,.043,,-2.6,-0.2,-2.8,-0.4,princta02
184,Malaki Branham,PG,20,SAS,75,1594,8.7,.526,.427,.100,1.9,8.2,5.0,14.0,0.8,0.4,12.2,19.8,,-0.9,0.6,-0.3,-0.008,,-3.4,-2.2,-5.6,-1.5,branhma01
185,Ochai Agbaji,SG,23,TOT,78,1641,7.7,.497,.487,.129,4.9,9.6,7.2,6.6,1.4,2.4,12.3,13.4,,-0.5,0.6,0.1,.002,,-3.5,-0.9,-4.4,-1.0,agbajoc01